Lower layer Super Output Areas Code,Lower layer Super Output Areas,Household deprivation (6 categories) Code,Household deprivation (6 categories),Observation
E01000115,Barnet 009A,-8,Does not apply,0
E01000115,Barnet 009A,1,Household is not deprived in any dimension,273
E01000115,Barnet 009A,2,Household is deprived in one dimension,159
E01000115,Barnet 009A,3,Household is deprived in two dimensions,40
E01000115,Barnet 009A,4,Household is deprived in three dimensions,6
E01000115,Barnet 009A,5,Household is deprived in four dimensions,1
E01000116,Barnet 009B,-8,Does not apply,0
E01000116,Barnet 009B,1,Household is not deprived in any dimension,326
E01000116,Barnet 009B,2,Household is deprived in one dimension,213
E01000116,Barnet 009B,3,Household is deprived in two dimensions,67
E01000116,Barnet 009B,4,Household is deprived in three dimensions,12
E01000116,Barnet 009B,5,Household is deprived in four dimensions,0
E01000117,Barnet 010A,-8,Does not apply,0
E01000117,Barnet 010A,1,Household is not deprived in any dimension,364
E01000117,Barnet 010A,2,Household is deprived in one dimension,223
E01000117,Barnet 010A,3,Household is deprived in two dimensions,87
E01000117,Barnet 010A,4,Household is deprived in three dimensions,17
E01000117,Barnet 010A,5,Household is deprived in four dimensions,1
E01000118,Barnet 010B,-8,Does not apply,0
E01000118,Barnet 010B,1,Household is not deprived in any dimension,413
E01000118,Barnet 010B,2,Household is deprived in one dimension,247
E01000118,Barnet 010B,3,Household is deprived in two dimensions,79
E01000118,Barnet 010B,4,Household is deprived in three dimensions,11
E01000118,Barnet 010B,5,Household is deprived in four dimensions,1
E01000119,Barnet 009C,-8,Does not apply,0
E01000119,Barnet 009C,1,Household is not deprived in any dimension,351
E01000119,Barnet 009C,2,Household is deprived in one dimension,201
E01000119,Barnet 009C,3,Household is deprived in two dimensions,67
E01000119,Barnet 009C,4,Household is deprived in three dimensions,10
E01000119,Barnet 009C,5,Household is deprived in four dimensions,0
E01000120,Barnet 009D,-8,Does not apply,0
E01000120,Barnet 009D,1,Household is not deprived in any dimension,258
E01000120,Barnet 009D,2,Household is deprived in one dimension,181
E01000120,Barnet 009D,3,Household is deprived in two dimensions,49
E01000120,Barnet 009D,4,Household is deprived in three dimensions,6
E01000120,Barnet 009D,5,Household is deprived in four dimensions,0
E01000121,Barnet 010C,-8,Does not apply,0
E01000121,Barnet 010C,1,Household is not deprived in any dimension,181
E01000121,Barnet 010C,2,Household is deprived in one dimension,164
E01000121,Barnet 010C,3,Household is deprived in two dimensions,134
E01000121,Barnet 010C,4,Household is deprived in three dimensions,44
E01000121,Barnet 010C,5,Household is deprived in four dimensions,2
E01000122,Barnet 009E,-8,Does not apply,0
E01000122,Barnet 009E,1,Household is not deprived in any dimension,291
E01000122,Barnet 009E,2,Household is deprived in one dimension,172
E01000122,Barnet 009E,3,Household is deprived in two dimensions,49
E01000122,Barnet 009E,4,Household is deprived in three dimensions,7
E01000122,Barnet 009E,5,Household is deprived in four dimensions,0
E01000123,Barnet 010D,-8,Does not apply,0
E01000123,Barnet 010D,1,Household is not deprived in any dimension,434
E01000123,Barnet 010D,2,Household is deprived in one dimension,201
E01000123,Barnet 010D,3,Household is deprived in two dimensions,74
E01000123,Barnet 010D,4,Household is deprived in three dimensions,17
E01000123,Barnet 010D,5,Household is deprived in four dimensions,0
E01000124,Barnet 010E,-8,Does not apply,0
E01000124,Barnet 010E,1,Household is not deprived in any dimension,349
E01000124,Barnet 010E,2,Household is deprived in one dimension,288
E01000124,Barnet 010E,3,Household is deprived in two dimensions,126
E01000124,Barnet 010E,4,Household is deprived in three dimensions,28
E01000124,Barnet 010E,5,Household is deprived in four dimensions,4
E01000126,Barnet 026A,-8,Does not apply,0
E01000126,Barnet 026A,1,Household is not deprived in any dimension,271
E01000126,Barnet 026A,2,Household is deprived in one dimension,269
E01000126,Barnet 026A,3,Household is deprived in two dimensions,154
E01000126,Barnet 026A,4,Household is deprived in three dimensions,65
E01000126,Barnet 026A,5,Household is deprived in four dimensions,7
E01000127,Barnet 024B,-8,Does not apply,0
E01000127,Barnet 024B,1,Household is not deprived in any dimension,171
E01000127,Barnet 024B,2,Household is deprived in one dimension,198
E01000127,Barnet 024B,3,Household is deprived in two dimensions,100
E01000127,Barnet 024B,4,Household is deprived in three dimensions,44
E01000127,Barnet 024B,5,Household is deprived in four dimensions,3
E01000128,Barnet 024C,-8,Does not apply,0
E01000128,Barnet 024C,1,Household is not deprived in any dimension,241
E01000128,Barnet 024C,2,Household is deprived in one dimension,260
E01000128,Barnet 024C,3,Household is deprived in two dimensions,104
E01000128,Barnet 024C,4,Household is deprived in three dimensions,29
E01000128,Barnet 024C,5,Household is deprived in four dimensions,1
E01000129,Barnet 024D,-8,Does not apply,0
E01000129,Barnet 024D,1,Household is not deprived in any dimension,136
E01000129,Barnet 024D,2,Household is deprived in one dimension,269
E01000129,Barnet 024D,3,Household is deprived in two dimensions,125
E01000129,Barnet 024D,4,Household is deprived in three dimensions,42
E01000129,Barnet 024D,5,Household is deprived in four dimensions,2
E01000130,Barnet 021A,-8,Does not apply,0
E01000130,Barnet 021A,1,Household is not deprived in any dimension,212
E01000130,Barnet 021A,2,Household is deprived in one dimension,251
E01000130,Barnet 021A,3,Household is deprived in two dimensions,135
E01000130,Barnet 021A,4,Household is deprived in three dimensions,52
E01000130,Barnet 021A,5,Household is deprived in four dimensions,8
E01000131,Barnet 024E,-8,Does not apply,0
E01000131,Barnet 024E,1,Household is not deprived in any dimension,299
E01000131,Barnet 024E,2,Household is deprived in one dimension,267
E01000131,Barnet 024E,3,Household is deprived in two dimensions,121
E01000131,Barnet 024E,4,Household is deprived in three dimensions,26
E01000131,Barnet 024E,5,Household is deprived in four dimensions,0
E01000132,Barnet 021B,-8,Does not apply,0
E01000132,Barnet 021B,1,Household is not deprived in any dimension,165
E01000132,Barnet 021B,2,Household is deprived in one dimension,191
E01000132,Barnet 021B,3,Household is deprived in two dimensions,103
E01000132,Barnet 021B,4,Household is deprived in three dimensions,44
E01000132,Barnet 021B,5,Household is deprived in four dimensions,2
E01000133,Barnet 021C,-8,Does not apply,0
E01000133,Barnet 021C,1,Household is not deprived in any dimension,185
E01000133,Barnet 021C,2,Household is deprived in one dimension,224
E01000133,Barnet 021C,3,Household is deprived in two dimensions,122
E01000133,Barnet 021C,4,Household is deprived in three dimensions,42
E01000133,Barnet 021C,5,Household is deprived in four dimensions,3
E01000134,Barnet 024F,-8,Does not apply,0
E01000134,Barnet 024F,1,Household is not deprived in any dimension,207
E01000134,Barnet 024F,2,Household is deprived in one dimension,261
E01000134,Barnet 024F,3,Household is deprived in two dimensions,134
E01000134,Barnet 024F,4,Household is deprived in three dimensions,32
E01000134,Barnet 024F,5,Household is deprived in four dimensions,1
E01000135,Barnet 038A,-8,Does not apply,0
E01000135,Barnet 038A,1,Household is not deprived in any dimension,350
E01000135,Barnet 038A,2,Household is deprived in one dimension,187
E01000135,Barnet 038A,3,Household is deprived in two dimensions,68
E01000135,Barnet 038A,4,Household is deprived in three dimensions,15
E01000135,Barnet 038A,5,Household is deprived in four dimensions,4
E01000136,Barnet 038B,-8,Does not apply,0
E01000136,Barnet 038B,1,Household is not deprived in any dimension,357
E01000136,Barnet 038B,2,Household is deprived in one dimension,151
E01000136,Barnet 038B,3,Household is deprived in two dimensions,47
E01000136,Barnet 038B,4,Household is deprived in three dimensions,8
E01000136,Barnet 038B,5,Household is deprived in four dimensions,1
E01000137,Barnet 041A,-8,Does not apply,0
E01000137,Barnet 041A,1,Household is not deprived in any dimension,254
E01000137,Barnet 041A,2,Household is deprived in one dimension,242
E01000137,Barnet 041A,3,Household is deprived in two dimensions,129
E01000137,Barnet 041A,4,Household is deprived in three dimensions,42
E01000137,Barnet 041A,5,Household is deprived in four dimensions,4
E01000138,Barnet 040A,-8,Does not apply,0
E01000138,Barnet 040A,1,Household is not deprived in any dimension,281
E01000138,Barnet 040A,2,Household is deprived in one dimension,220
E01000138,Barnet 040A,3,Household is deprived in two dimensions,100
E01000138,Barnet 040A,4,Household is deprived in three dimensions,46
E01000138,Barnet 040A,5,Household is deprived in four dimensions,8
E01000139,Barnet 041B,-8,Does not apply,0
E01000139,Barnet 041B,1,Household is not deprived in any dimension,306
E01000139,Barnet 041B,2,Household is deprived in one dimension,160
E01000139,Barnet 041B,3,Household is deprived in two dimensions,61
E01000139,Barnet 041B,4,Household is deprived in three dimensions,13
E01000139,Barnet 041B,5,Household is deprived in four dimensions,2
E01000140,Barnet 041C,-8,Does not apply,0
E01000140,Barnet 041C,1,Household is not deprived in any dimension,485
E01000140,Barnet 041C,2,Household is deprived in one dimension,259
E01000140,Barnet 041C,3,Household is deprived in two dimensions,95
E01000140,Barnet 041C,4,Household is deprived in three dimensions,25
E01000140,Barnet 041C,5,Household is deprived in four dimensions,3
E01000141,Barnet 039A,-8,Does not apply,0
E01000141,Barnet 039A,1,Household is not deprived in any dimension,294
E01000141,Barnet 039A,2,Household is deprived in one dimension,289
E01000141,Barnet 039A,3,Household is deprived in two dimensions,137
E01000141,Barnet 039A,4,Household is deprived in three dimensions,61
E01000141,Barnet 039A,5,Household is deprived in four dimensions,7
E01000142,Barnet 040B,-8,Does not apply,0
E01000142,Barnet 040B,1,Household is not deprived in any dimension,382
E01000142,Barnet 040B,2,Household is deprived in one dimension,333
E01000142,Barnet 040B,3,Household is deprived in two dimensions,133
E01000142,Barnet 040B,4,Household is deprived in three dimensions,37
E01000142,Barnet 040B,5,Household is deprived in four dimensions,8
E01000143,Barnet 041D,-8,Does not apply,0
E01000143,Barnet 041D,1,Household is not deprived in any dimension,278
E01000143,Barnet 041D,2,Household is deprived in one dimension,246
E01000143,Barnet 041D,3,Household is deprived in two dimensions,108
E01000143,Barnet 041D,4,Household is deprived in three dimensions,41
E01000143,Barnet 041D,5,Household is deprived in four dimensions,6
E01000144,Barnet 038C,-8,Does not apply,0
E01000144,Barnet 038C,1,Household is not deprived in any dimension,324
E01000144,Barnet 038C,2,Household is deprived in one dimension,280
E01000144,Barnet 038C,3,Household is deprived in two dimensions,79
E01000144,Barnet 038C,4,Household is deprived in three dimensions,31
E01000144,Barnet 038C,5,Household is deprived in four dimensions,29
E01000145,Barnet 037A,-8,Does not apply,0
E01000145,Barnet 037A,1,Household is not deprived in any dimension,248
E01000145,Barnet 037A,2,Household is deprived in one dimension,147
E01000145,Barnet 037A,3,Household is deprived in two dimensions,58
E01000145,Barnet 037A,4,Household is deprived in three dimensions,30
E01000145,Barnet 037A,5,Household is deprived in four dimensions,6
E01000146,Barnet 038D,-8,Does not apply,0
E01000146,Barnet 038D,1,Household is not deprived in any dimension,390
E01000146,Barnet 038D,2,Household is deprived in one dimension,304
E01000146,Barnet 038D,3,Household is deprived in two dimensions,120
E01000146,Barnet 038D,4,Household is deprived in three dimensions,47
E01000146,Barnet 038D,5,Household is deprived in four dimensions,8
E01000147,Barnet 043F,-8,Does not apply,0
E01000147,Barnet 043F,1,Household is not deprived in any dimension,264
E01000147,Barnet 043F,2,Household is deprived in one dimension,205
E01000147,Barnet 043F,3,Household is deprived in two dimensions,76
E01000147,Barnet 043F,4,Household is deprived in three dimensions,13
E01000147,Barnet 043F,5,Household is deprived in four dimensions,2
E01000150,Barnet 036A,-8,Does not apply,0
E01000150,Barnet 036A,1,Household is not deprived in any dimension,346
E01000150,Barnet 036A,2,Household is deprived in one dimension,298
E01000150,Barnet 036A,3,Household is deprived in two dimensions,105
E01000150,Barnet 036A,4,Household is deprived in three dimensions,23
E01000150,Barnet 036A,5,Household is deprived in four dimensions,3
E01000151,Barnet 026B,-8,Does not apply,0
E01000151,Barnet 026B,1,Household is not deprived in any dimension,160
E01000151,Barnet 026B,2,Household is deprived in one dimension,260
E01000151,Barnet 026B,3,Household is deprived in two dimensions,169
E01000151,Barnet 026B,4,Household is deprived in three dimensions,62
E01000151,Barnet 026B,5,Household is deprived in four dimensions,5
E01000152,Barnet 026C,-8,Does not apply,0
E01000152,Barnet 026C,1,Household is not deprived in any dimension,457
E01000152,Barnet 026C,2,Household is deprived in one dimension,297
E01000152,Barnet 026C,3,Household is deprived in two dimensions,132
E01000152,Barnet 026C,4,Household is deprived in three dimensions,37
E01000152,Barnet 026C,5,Household is deprived in four dimensions,5
E01000153,Barnet 026D,-8,Does not apply,0
E01000153,Barnet 026D,1,Household is not deprived in any dimension,280
E01000153,Barnet 026D,2,Household is deprived in one dimension,266
E01000153,Barnet 026D,3,Household is deprived in two dimensions,127
E01000153,Barnet 026D,4,Household is deprived in three dimensions,58
E01000153,Barnet 026D,5,Household is deprived in four dimensions,11
E01000154,Barnet 026E,-8,Does not apply,0
E01000154,Barnet 026E,1,Household is not deprived in any dimension,277
E01000154,Barnet 026E,2,Household is deprived in one dimension,248
E01000154,Barnet 026E,3,Household is deprived in two dimensions,129
E01000154,Barnet 026E,4,Household is deprived in three dimensions,48
E01000154,Barnet 026E,5,Household is deprived in four dimensions,4
E01000156,Barnet 022A,-8,Does not apply,0
E01000156,Barnet 022A,1,Household is not deprived in any dimension,415
E01000156,Barnet 022A,2,Household is deprived in one dimension,229
E01000156,Barnet 022A,3,Household is deprived in two dimensions,87
E01000156,Barnet 022A,4,Household is deprived in three dimensions,16
E01000156,Barnet 022A,5,Household is deprived in four dimensions,0
E01000157,Barnet 022B,-8,Does not apply,0
E01000157,Barnet 022B,1,Household is not deprived in any dimension,344
E01000157,Barnet 022B,2,Household is deprived in one dimension,218
E01000157,Barnet 022B,3,Household is deprived in two dimensions,89
E01000157,Barnet 022B,4,Household is deprived in three dimensions,14
E01000157,Barnet 022B,5,Household is deprived in four dimensions,3
E01000158,Barnet 015A,-8,Does not apply,0
E01000158,Barnet 015A,1,Household is not deprived in any dimension,281
E01000158,Barnet 015A,2,Household is deprived in one dimension,175
E01000158,Barnet 015A,3,Household is deprived in two dimensions,69
E01000158,Barnet 015A,4,Household is deprived in three dimensions,20
E01000158,Barnet 015A,5,Household is deprived in four dimensions,2
E01000159,Barnet 015B,-8,Does not apply,0
E01000159,Barnet 015B,1,Household is not deprived in any dimension,341
E01000159,Barnet 015B,2,Household is deprived in one dimension,203
E01000159,Barnet 015B,3,Household is deprived in two dimensions,81
E01000159,Barnet 015B,4,Household is deprived in three dimensions,24
E01000159,Barnet 015B,5,Household is deprived in four dimensions,1
E01000160,Barnet 015C,-8,Does not apply,0
E01000160,Barnet 015C,1,Household is not deprived in any dimension,467
E01000160,Barnet 015C,2,Household is deprived in one dimension,238
E01000160,Barnet 015C,3,Household is deprived in two dimensions,75
E01000160,Barnet 015C,4,Household is deprived in three dimensions,19
E01000160,Barnet 015C,5,Household is deprived in four dimensions,1
E01000161,Barnet 015D,-8,Does not apply,0
E01000161,Barnet 015D,1,Household is not deprived in any dimension,399
E01000161,Barnet 015D,2,Household is deprived in one dimension,265
E01000161,Barnet 015D,3,Household is deprived in two dimensions,117
E01000161,Barnet 015D,4,Household is deprived in three dimensions,21
E01000161,Barnet 015D,5,Household is deprived in four dimensions,4
E01000162,Barnet 015E,-8,Does not apply,0
E01000162,Barnet 015E,1,Household is not deprived in any dimension,250
E01000162,Barnet 015E,2,Household is deprived in one dimension,185
E01000162,Barnet 015E,3,Household is deprived in two dimensions,100
E01000162,Barnet 015E,4,Household is deprived in three dimensions,14
E01000162,Barnet 015E,5,Household is deprived in four dimensions,2
E01000163,Barnet 022C,-8,Does not apply,0
E01000163,Barnet 022C,1,Household is not deprived in any dimension,311
E01000163,Barnet 022C,2,Household is deprived in one dimension,256
E01000163,Barnet 022C,3,Household is deprived in two dimensions,147
E01000163,Barnet 022C,4,Household is deprived in three dimensions,75
E01000163,Barnet 022C,5,Household is deprived in four dimensions,7
E01000164,Barnet 022D,-8,Does not apply,0
E01000164,Barnet 022D,1,Household is not deprived in any dimension,257
E01000164,Barnet 022D,2,Household is deprived in one dimension,237
E01000164,Barnet 022D,3,Household is deprived in two dimensions,116
E01000164,Barnet 022D,4,Household is deprived in three dimensions,35
E01000164,Barnet 022D,5,Household is deprived in four dimensions,2
E01000165,Barnet 022E,-8,Does not apply,0
E01000165,Barnet 022E,1,Household is not deprived in any dimension,379
E01000165,Barnet 022E,2,Household is deprived in one dimension,229
E01000165,Barnet 022E,3,Household is deprived in two dimensions,87
E01000165,Barnet 022E,4,Household is deprived in three dimensions,10
E01000165,Barnet 022E,5,Household is deprived in four dimensions,1
E01000166,Barnet 003A,-8,Does not apply,0
E01000166,Barnet 003A,1,Household is not deprived in any dimension,343
E01000166,Barnet 003A,2,Household is deprived in one dimension,200
E01000166,Barnet 003A,3,Household is deprived in two dimensions,91
E01000166,Barnet 003A,4,Household is deprived in three dimensions,16
E01000166,Barnet 003A,5,Household is deprived in four dimensions,3
E01000167,Barnet 002A,-8,Does not apply,0
E01000167,Barnet 002A,1,Household is not deprived in any dimension,214
E01000167,Barnet 002A,2,Household is deprived in one dimension,178
E01000167,Barnet 002A,3,Household is deprived in two dimensions,101
E01000167,Barnet 002A,4,Household is deprived in three dimensions,26
E01000167,Barnet 002A,5,Household is deprived in four dimensions,3
E01000168,Barnet 003B,-8,Does not apply,0
E01000168,Barnet 003B,1,Household is not deprived in any dimension,324
E01000168,Barnet 003B,2,Household is deprived in one dimension,171
E01000168,Barnet 003B,3,Household is deprived in two dimensions,57
E01000168,Barnet 003B,4,Household is deprived in three dimensions,4
E01000168,Barnet 003B,5,Household is deprived in four dimensions,0
E01000169,Barnet 003C,-8,Does not apply,0
E01000169,Barnet 003C,1,Household is not deprived in any dimension,370
E01000169,Barnet 003C,2,Household is deprived in one dimension,201
E01000169,Barnet 003C,3,Household is deprived in two dimensions,99
E01000169,Barnet 003C,4,Household is deprived in three dimensions,22
E01000169,Barnet 003C,5,Household is deprived in four dimensions,3
E01000170,Barnet 006A,-8,Does not apply,0
E01000170,Barnet 006A,1,Household is not deprived in any dimension,332
E01000170,Barnet 006A,2,Household is deprived in one dimension,229
E01000170,Barnet 006A,3,Household is deprived in two dimensions,104
E01000170,Barnet 006A,4,Household is deprived in three dimensions,32
E01000170,Barnet 006A,5,Household is deprived in four dimensions,2
E01000171,Barnet 006B,-8,Does not apply,0
E01000171,Barnet 006B,1,Household is not deprived in any dimension,441
E01000171,Barnet 006B,2,Household is deprived in one dimension,333
E01000171,Barnet 006B,3,Household is deprived in two dimensions,155
E01000171,Barnet 006B,4,Household is deprived in three dimensions,64
E01000171,Barnet 006B,5,Household is deprived in four dimensions,5
E01000172,Barnet 003D,-8,Does not apply,0
E01000172,Barnet 003D,1,Household is not deprived in any dimension,355
E01000172,Barnet 003D,2,Household is deprived in one dimension,172
E01000172,Barnet 003D,3,Household is deprived in two dimensions,72
E01000172,Barnet 003D,4,Household is deprived in three dimensions,7
E01000172,Barnet 003D,5,Household is deprived in four dimensions,1
E01000173,Barnet 006C,-8,Does not apply,0
E01000173,Barnet 006C,1,Household is not deprived in any dimension,351
E01000173,Barnet 006C,2,Household is deprived in one dimension,183
E01000173,Barnet 006C,3,Household is deprived in two dimensions,61
E01000173,Barnet 006C,4,Household is deprived in three dimensions,12
E01000173,Barnet 006C,5,Household is deprived in four dimensions,1
E01000174,Barnet 006D,-8,Does not apply,0
E01000174,Barnet 006D,1,Household is not deprived in any dimension,338
E01000174,Barnet 006D,2,Household is deprived in one dimension,263
E01000174,Barnet 006D,3,Household is deprived in two dimensions,121
E01000174,Barnet 006D,4,Household is deprived in three dimensions,33
E01000174,Barnet 006D,5,Household is deprived in four dimensions,6
E01000175,Barnet 006E,-8,Does not apply,0
E01000175,Barnet 006E,1,Household is not deprived in any dimension,388
E01000175,Barnet 006E,2,Household is deprived in one dimension,180
E01000175,Barnet 006E,3,Household is deprived in two dimensions,61
E01000175,Barnet 006E,4,Household is deprived in three dimensions,11
E01000175,Barnet 006E,5,Household is deprived in four dimensions,0
E01000176,Barnet 027A,-8,Does not apply,0
E01000176,Barnet 027A,1,Household is not deprived in any dimension,243
E01000176,Barnet 027A,2,Household is deprived in one dimension,232
E01000176,Barnet 027A,3,Household is deprived in two dimensions,176
E01000176,Barnet 027A,4,Household is deprived in three dimensions,64
E01000176,Barnet 027A,5,Household is deprived in four dimensions,4
E01000177,Barnet 029A,-8,Does not apply,0
E01000177,Barnet 029A,1,Household is not deprived in any dimension,405
E01000177,Barnet 029A,2,Household is deprived in one dimension,230
E01000177,Barnet 029A,3,Household is deprived in two dimensions,48
E01000177,Barnet 029A,4,Household is deprived in three dimensions,6
E01000177,Barnet 029A,5,Household is deprived in four dimensions,0
E01000178,Barnet 027B,-8,Does not apply,0
E01000178,Barnet 027B,1,Household is not deprived in any dimension,356
E01000178,Barnet 027B,2,Household is deprived in one dimension,233
E01000178,Barnet 027B,3,Household is deprived in two dimensions,72
E01000178,Barnet 027B,4,Household is deprived in three dimensions,17
E01000178,Barnet 027B,5,Household is deprived in four dimensions,0
E01000179,Barnet 029B,-8,Does not apply,0
E01000179,Barnet 029B,1,Household is not deprived in any dimension,438
E01000179,Barnet 029B,2,Household is deprived in one dimension,256
E01000179,Barnet 029B,3,Household is deprived in two dimensions,69
E01000179,Barnet 029B,4,Household is deprived in three dimensions,8
E01000179,Barnet 029B,5,Household is deprived in four dimensions,0
E01000180,Barnet 029C,-8,Does not apply,0
E01000180,Barnet 029C,1,Household is not deprived in any dimension,319
E01000180,Barnet 029C,2,Household is deprived in one dimension,236
E01000180,Barnet 029C,3,Household is deprived in two dimensions,91
E01000180,Barnet 029C,4,Household is deprived in three dimensions,24
E01000180,Barnet 029C,5,Household is deprived in four dimensions,0
E01000181,Barnet 029D,-8,Does not apply,0
E01000181,Barnet 029D,1,Household is not deprived in any dimension,410
E01000181,Barnet 029D,2,Household is deprived in one dimension,222
E01000181,Barnet 029D,3,Household is deprived in two dimensions,47
E01000181,Barnet 029D,4,Household is deprived in three dimensions,6
E01000181,Barnet 029D,5,Household is deprived in four dimensions,1
E01000182,Barnet 029E,-8,Does not apply,0
E01000182,Barnet 029E,1,Household is not deprived in any dimension,413
E01000182,Barnet 029E,2,Household is deprived in one dimension,240
E01000182,Barnet 029E,3,Household is deprived in two dimensions,62
E01000182,Barnet 029E,4,Household is deprived in three dimensions,15
E01000182,Barnet 029E,5,Household is deprived in four dimensions,2
E01000183,Barnet 033A,-8,Does not apply,0
E01000183,Barnet 033A,1,Household is not deprived in any dimension,321
E01000183,Barnet 033A,2,Household is deprived in one dimension,187
E01000183,Barnet 033A,3,Household is deprived in two dimensions,81
E01000183,Barnet 033A,4,Household is deprived in three dimensions,14
E01000183,Barnet 033A,5,Household is deprived in four dimensions,0
E01000184,Barnet 027C,-8,Does not apply,0
E01000184,Barnet 027C,1,Household is not deprived in any dimension,266
E01000184,Barnet 027C,2,Household is deprived in one dimension,276
E01000184,Barnet 027C,3,Household is deprived in two dimensions,120
E01000184,Barnet 027C,4,Household is deprived in three dimensions,45
E01000184,Barnet 027C,5,Household is deprived in four dimensions,3
E01000185,Barnet 029F,-8,Does not apply,0
E01000185,Barnet 029F,1,Household is not deprived in any dimension,214
E01000185,Barnet 029F,2,Household is deprived in one dimension,226
E01000185,Barnet 029F,3,Household is deprived in two dimensions,141
E01000185,Barnet 029F,4,Household is deprived in three dimensions,58
E01000185,Barnet 029F,5,Household is deprived in four dimensions,6
E01000186,Barnet 014A,-8,Does not apply,0
E01000186,Barnet 014A,1,Household is not deprived in any dimension,295
E01000186,Barnet 014A,2,Household is deprived in one dimension,178
E01000186,Barnet 014A,3,Household is deprived in two dimensions,33
E01000186,Barnet 014A,4,Household is deprived in three dimensions,3
E01000186,Barnet 014A,5,Household is deprived in four dimensions,0
E01000187,Barnet 014B,-8,Does not apply,0
E01000187,Barnet 014B,1,Household is not deprived in any dimension,295
E01000187,Barnet 014B,2,Household is deprived in one dimension,198
E01000187,Barnet 014B,3,Household is deprived in two dimensions,81
E01000187,Barnet 014B,4,Household is deprived in three dimensions,18
E01000187,Barnet 014B,5,Household is deprived in four dimensions,2
E01000188,Barnet 014C,-8,Does not apply,0
E01000188,Barnet 014C,1,Household is not deprived in any dimension,281
E01000188,Barnet 014C,2,Household is deprived in one dimension,165
E01000188,Barnet 014C,3,Household is deprived in two dimensions,57
E01000188,Barnet 014C,4,Household is deprived in three dimensions,5
E01000188,Barnet 014C,5,Household is deprived in four dimensions,1
E01000189,Barnet 014D,-8,Does not apply,0
E01000189,Barnet 014D,1,Household is not deprived in any dimension,507
E01000189,Barnet 014D,2,Household is deprived in one dimension,295
E01000189,Barnet 014D,3,Household is deprived in two dimensions,142
E01000189,Barnet 014D,4,Household is deprived in three dimensions,37
E01000189,Barnet 014D,5,Household is deprived in four dimensions,1
E01000190,Barnet 014E,-8,Does not apply,0
E01000190,Barnet 014E,1,Household is not deprived in any dimension,304
E01000190,Barnet 014E,2,Household is deprived in one dimension,177
E01000190,Barnet 014E,3,Household is deprived in two dimensions,77
E01000190,Barnet 014E,4,Household is deprived in three dimensions,12
E01000190,Barnet 014E,5,Household is deprived in four dimensions,1
E01000191,Barnet 014F,-8,Does not apply,0
E01000191,Barnet 014F,1,Household is not deprived in any dimension,289
E01000191,Barnet 014F,2,Household is deprived in one dimension,172
E01000191,Barnet 014F,3,Household is deprived in two dimensions,87
E01000191,Barnet 014F,4,Household is deprived in three dimensions,6
E01000191,Barnet 014F,5,Household is deprived in four dimensions,2
E01000192,Barnet 018A,-8,Does not apply,0
E01000192,Barnet 018A,1,Household is not deprived in any dimension,311
E01000192,Barnet 018A,2,Household is deprived in one dimension,266
E01000192,Barnet 018A,3,Household is deprived in two dimensions,106
E01000192,Barnet 018A,4,Household is deprived in three dimensions,14
E01000192,Barnet 018A,5,Household is deprived in four dimensions,9
E01000193,Barnet 018B,-8,Does not apply,0
E01000193,Barnet 018B,1,Household is not deprived in any dimension,309
E01000193,Barnet 018B,2,Household is deprived in one dimension,253
E01000193,Barnet 018B,3,Household is deprived in two dimensions,125
E01000193,Barnet 018B,4,Household is deprived in three dimensions,18
E01000193,Barnet 018B,5,Household is deprived in four dimensions,6
E01000194,Barnet 018C,-8,Does not apply,0
E01000194,Barnet 018C,1,Household is not deprived in any dimension,303
E01000194,Barnet 018C,2,Household is deprived in one dimension,258
E01000194,Barnet 018C,3,Household is deprived in two dimensions,109
E01000194,Barnet 018C,4,Household is deprived in three dimensions,34
E01000194,Barnet 018C,5,Household is deprived in four dimensions,3
E01000195,Barnet 013A,-8,Does not apply,0
E01000195,Barnet 013A,1,Household is not deprived in any dimension,261
E01000195,Barnet 013A,2,Household is deprived in one dimension,266
E01000195,Barnet 013A,3,Household is deprived in two dimensions,137
E01000195,Barnet 013A,4,Household is deprived in three dimensions,55
E01000195,Barnet 013A,5,Household is deprived in four dimensions,0
E01000196,Barnet 028A,-8,Does not apply,0
E01000196,Barnet 028A,1,Household is not deprived in any dimension,473
E01000196,Barnet 028A,2,Household is deprived in one dimension,377
E01000196,Barnet 028A,3,Household is deprived in two dimensions,172
E01000196,Barnet 028A,4,Household is deprived in three dimensions,59
E01000196,Barnet 028A,5,Household is deprived in four dimensions,10
E01000197,Barnet 023A,-8,Does not apply,0
E01000197,Barnet 023A,1,Household is not deprived in any dimension,357
E01000197,Barnet 023A,2,Household is deprived in one dimension,264
E01000197,Barnet 023A,3,Household is deprived in two dimensions,90
E01000197,Barnet 023A,4,Household is deprived in three dimensions,20
E01000197,Barnet 023A,5,Household is deprived in four dimensions,0
E01000198,Barnet 025A,-8,Does not apply,0
E01000198,Barnet 025A,1,Household is not deprived in any dimension,446
E01000198,Barnet 025A,2,Household is deprived in one dimension,231
E01000198,Barnet 025A,3,Household is deprived in two dimensions,78
E01000198,Barnet 025A,4,Household is deprived in three dimensions,21
E01000198,Barnet 025A,5,Household is deprived in four dimensions,3
E01000199,Barnet 025B,-8,Does not apply,0
E01000199,Barnet 025B,1,Household is not deprived in any dimension,375
E01000199,Barnet 025B,2,Household is deprived in one dimension,214
E01000199,Barnet 025B,3,Household is deprived in two dimensions,56
E01000199,Barnet 025B,4,Household is deprived in three dimensions,12
E01000199,Barnet 025B,5,Household is deprived in four dimensions,1
E01000200,Barnet 028B,-8,Does not apply,0
E01000200,Barnet 028B,1,Household is not deprived in any dimension,453
E01000200,Barnet 028B,2,Household is deprived in one dimension,290
E01000200,Barnet 028B,3,Household is deprived in two dimensions,118
E01000200,Barnet 028B,4,Household is deprived in three dimensions,13
E01000200,Barnet 028B,5,Household is deprived in four dimensions,1
E01000201,Barnet 028C,-8,Does not apply,0
E01000201,Barnet 028C,1,Household is not deprived in any dimension,340
E01000201,Barnet 028C,2,Household is deprived in one dimension,146
E01000201,Barnet 028C,3,Household is deprived in two dimensions,34
E01000201,Barnet 028C,4,Household is deprived in three dimensions,6
E01000201,Barnet 028C,5,Household is deprived in four dimensions,1
E01000202,Barnet 028D,-8,Does not apply,0
E01000202,Barnet 028D,1,Household is not deprived in any dimension,348
E01000202,Barnet 028D,2,Household is deprived in one dimension,202
E01000202,Barnet 028D,3,Household is deprived in two dimensions,57
E01000202,Barnet 028D,4,Household is deprived in three dimensions,6
E01000202,Barnet 028D,5,Household is deprived in four dimensions,2
E01000203,Barnet 028E,-8,Does not apply,0
E01000203,Barnet 028E,1,Household is not deprived in any dimension,317
E01000203,Barnet 028E,2,Household is deprived in one dimension,215
E01000203,Barnet 028E,3,Household is deprived in two dimensions,92
E01000203,Barnet 028E,4,Household is deprived in three dimensions,47
E01000203,Barnet 028E,5,Household is deprived in four dimensions,13
E01000204,Barnet 025C,-8,Does not apply,0
E01000204,Barnet 025C,1,Household is not deprived in any dimension,372
E01000204,Barnet 025C,2,Household is deprived in one dimension,222
E01000204,Barnet 025C,3,Household is deprived in two dimensions,73
E01000204,Barnet 025C,4,Household is deprived in three dimensions,20
E01000204,Barnet 025C,5,Household is deprived in four dimensions,5
E01000205,Barnet 035A,-8,Does not apply,0
E01000205,Barnet 035A,1,Household is not deprived in any dimension,419
E01000205,Barnet 035A,2,Household is deprived in one dimension,153
E01000205,Barnet 035A,3,Household is deprived in two dimensions,26
E01000205,Barnet 035A,4,Household is deprived in three dimensions,4
E01000205,Barnet 035A,5,Household is deprived in four dimensions,1
E01000206,Barnet 033B,-8,Does not apply,0
E01000206,Barnet 033B,1,Household is not deprived in any dimension,386
E01000206,Barnet 033B,2,Household is deprived in one dimension,119
E01000206,Barnet 033B,3,Household is deprived in two dimensions,16
E01000206,Barnet 033B,4,Household is deprived in three dimensions,2
E01000206,Barnet 033B,5,Household is deprived in four dimensions,0
E01000207,Barnet 033C,-8,Does not apply,0
E01000207,Barnet 033C,1,Household is not deprived in any dimension,387
E01000207,Barnet 033C,2,Household is deprived in one dimension,186
E01000207,Barnet 033C,3,Household is deprived in two dimensions,64
E01000207,Barnet 033C,4,Household is deprived in three dimensions,7
E01000207,Barnet 033C,5,Household is deprived in four dimensions,2
E01000208,Barnet 033D,-8,Does not apply,0
E01000208,Barnet 033D,1,Household is not deprived in any dimension,416
E01000208,Barnet 033D,2,Household is deprived in one dimension,181
E01000208,Barnet 033D,3,Household is deprived in two dimensions,31
E01000208,Barnet 033D,4,Household is deprived in three dimensions,6
E01000208,Barnet 033D,5,Household is deprived in four dimensions,1
E01000209,Barnet 035B,-8,Does not apply,0
E01000209,Barnet 035B,1,Household is not deprived in any dimension,443
E01000209,Barnet 035B,2,Household is deprived in one dimension,216
E01000209,Barnet 035B,3,Household is deprived in two dimensions,71
E01000209,Barnet 035B,4,Household is deprived in three dimensions,12
E01000209,Barnet 035B,5,Household is deprived in four dimensions,1
E01000210,Barnet 033E,-8,Does not apply,0
E01000210,Barnet 033E,1,Household is not deprived in any dimension,394
E01000210,Barnet 033E,2,Household is deprived in one dimension,151
E01000210,Barnet 033E,3,Household is deprived in two dimensions,34
E01000210,Barnet 033E,4,Household is deprived in three dimensions,5
E01000210,Barnet 033E,5,Household is deprived in four dimensions,1
E01000211,Barnet 035C,-8,Does not apply,0
E01000211,Barnet 035C,1,Household is not deprived in any dimension,359
E01000211,Barnet 035C,2,Household is deprived in one dimension,340
E01000211,Barnet 035C,3,Household is deprived in two dimensions,169
E01000211,Barnet 035C,4,Household is deprived in three dimensions,50
E01000211,Barnet 035C,5,Household is deprived in four dimensions,7
E01000212,Barnet 035D,-8,Does not apply,0
E01000212,Barnet 035D,1,Household is not deprived in any dimension,315
E01000212,Barnet 035D,2,Household is deprived in one dimension,170
E01000212,Barnet 035D,3,Household is deprived in two dimensions,54
E01000212,Barnet 035D,4,Household is deprived in three dimensions,10
E01000212,Barnet 035D,5,Household is deprived in four dimensions,3
E01000213,Barnet 033F,-8,Does not apply,0
E01000213,Barnet 033F,1,Household is not deprived in any dimension,308
E01000213,Barnet 033F,2,Household is deprived in one dimension,112
E01000213,Barnet 033F,3,Household is deprived in two dimensions,26
E01000213,Barnet 033F,4,Household is deprived in three dimensions,4
E01000213,Barnet 033F,5,Household is deprived in four dimensions,2
E01000214,Barnet 038E,-8,Does not apply,0
E01000214,Barnet 038E,1,Household is not deprived in any dimension,468
E01000214,Barnet 038E,2,Household is deprived in one dimension,232
E01000214,Barnet 038E,3,Household is deprived in two dimensions,62
E01000214,Barnet 038E,4,Household is deprived in three dimensions,8
E01000214,Barnet 038E,5,Household is deprived in four dimensions,1
E01000215,Barnet 037B,-8,Does not apply,0
E01000215,Barnet 037B,1,Household is not deprived in any dimension,323
E01000215,Barnet 037B,2,Household is deprived in one dimension,246
E01000215,Barnet 037B,3,Household is deprived in two dimensions,103
E01000215,Barnet 037B,4,Household is deprived in three dimensions,29
E01000215,Barnet 037B,5,Household is deprived in four dimensions,6
E01000216,Barnet 035E,-8,Does not apply,0
E01000216,Barnet 035E,1,Household is not deprived in any dimension,370
E01000216,Barnet 035E,2,Household is deprived in one dimension,246
E01000216,Barnet 035E,3,Household is deprived in two dimensions,67
E01000216,Barnet 035E,4,Household is deprived in three dimensions,34
E01000216,Barnet 035E,5,Household is deprived in four dimensions,5
E01000217,Barnet 035F,-8,Does not apply,0
E01000217,Barnet 035F,1,Household is not deprived in any dimension,309
E01000217,Barnet 035F,2,Household is deprived in one dimension,162
E01000217,Barnet 035F,3,Household is deprived in two dimensions,67
E01000217,Barnet 035F,4,Household is deprived in three dimensions,14
E01000217,Barnet 035F,5,Household is deprived in four dimensions,1
E01000218,Barnet 037C,-8,Does not apply,0
E01000218,Barnet 037C,1,Household is not deprived in any dimension,279
E01000218,Barnet 037C,2,Household is deprived in one dimension,194
E01000218,Barnet 037C,3,Household is deprived in two dimensions,83
E01000218,Barnet 037C,4,Household is deprived in three dimensions,18
E01000218,Barnet 037C,5,Household is deprived in four dimensions,10
E01000219,Barnet 037D,-8,Does not apply,0
E01000219,Barnet 037D,1,Household is not deprived in any dimension,272
E01000219,Barnet 037D,2,Household is deprived in one dimension,235
E01000219,Barnet 037D,3,Household is deprived in two dimensions,98
E01000219,Barnet 037D,4,Household is deprived in three dimensions,38
E01000219,Barnet 037D,5,Household is deprived in four dimensions,15
E01000220,Barnet 037E,-8,Does not apply,0
E01000220,Barnet 037E,1,Household is not deprived in any dimension,302
E01000220,Barnet 037E,2,Household is deprived in one dimension,229
E01000220,Barnet 037E,3,Household is deprived in two dimensions,119
E01000220,Barnet 037E,4,Household is deprived in three dimensions,26
E01000220,Barnet 037E,5,Household is deprived in four dimensions,4
E01000221,Barnet 039B,-8,Does not apply,0
E01000221,Barnet 039B,1,Household is not deprived in any dimension,141
E01000221,Barnet 039B,2,Household is deprived in one dimension,195
E01000221,Barnet 039B,3,Household is deprived in two dimensions,137
E01000221,Barnet 039B,4,Household is deprived in three dimensions,50
E01000221,Barnet 039B,5,Household is deprived in four dimensions,5
E01000222,Barnet 040C,-8,Does not apply,0
E01000222,Barnet 040C,1,Household is not deprived in any dimension,335
E01000222,Barnet 040C,2,Household is deprived in one dimension,255
E01000222,Barnet 040C,3,Household is deprived in two dimensions,91
E01000222,Barnet 040C,4,Household is deprived in three dimensions,38
E01000222,Barnet 040C,5,Household is deprived in four dimensions,11
E01000223,Barnet 039C,-8,Does not apply,0
E01000223,Barnet 039C,1,Household is not deprived in any dimension,282
E01000223,Barnet 039C,2,Household is deprived in one dimension,283
E01000223,Barnet 039C,3,Household is deprived in two dimensions,128
E01000223,Barnet 039C,4,Household is deprived in three dimensions,45
E01000223,Barnet 039C,5,Household is deprived in four dimensions,8
E01000224,Barnet 040D,-8,Does not apply,0
E01000224,Barnet 040D,1,Household is not deprived in any dimension,239
E01000224,Barnet 040D,2,Household is deprived in one dimension,203
E01000224,Barnet 040D,3,Household is deprived in two dimensions,99
E01000224,Barnet 040D,4,Household is deprived in three dimensions,14
E01000224,Barnet 040D,5,Household is deprived in four dimensions,2
E01000225,Barnet 037F,-8,Does not apply,0
E01000225,Barnet 037F,1,Household is not deprived in any dimension,270
E01000225,Barnet 037F,2,Household is deprived in one dimension,196
E01000225,Barnet 037F,3,Household is deprived in two dimensions,83
E01000225,Barnet 037F,4,Household is deprived in three dimensions,24
E01000225,Barnet 037F,5,Household is deprived in four dimensions,5
E01000226,Barnet 018D,-8,Does not apply,0
E01000226,Barnet 018D,1,Household is not deprived in any dimension,227
E01000226,Barnet 018D,2,Household is deprived in one dimension,212
E01000226,Barnet 018D,3,Household is deprived in two dimensions,124
E01000226,Barnet 018D,4,Household is deprived in three dimensions,37
E01000226,Barnet 018D,5,Household is deprived in four dimensions,2
E01000227,Barnet 018E,-8,Does not apply,0
E01000227,Barnet 018E,1,Household is not deprived in any dimension,359
E01000227,Barnet 018E,2,Household is deprived in one dimension,172
E01000227,Barnet 018E,3,Household is deprived in two dimensions,58
E01000227,Barnet 018E,4,Household is deprived in three dimensions,10
E01000227,Barnet 018E,5,Household is deprived in four dimensions,0
E01000228,Barnet 007A,-8,Does not apply,0
E01000228,Barnet 007A,1,Household is not deprived in any dimension,257
E01000228,Barnet 007A,2,Household is deprived in one dimension,137
E01000228,Barnet 007A,3,Household is deprived in two dimensions,51
E01000228,Barnet 007A,4,Household is deprived in three dimensions,12
E01000228,Barnet 007A,5,Household is deprived in four dimensions,2
E01000229,Barnet 013B,-8,Does not apply,0
E01000229,Barnet 013B,1,Household is not deprived in any dimension,259
E01000229,Barnet 013B,2,Household is deprived in one dimension,206
E01000229,Barnet 013B,3,Household is deprived in two dimensions,85
E01000229,Barnet 013B,4,Household is deprived in three dimensions,33
E01000229,Barnet 013B,5,Household is deprived in four dimensions,0
E01000230,Barnet 013C,-8,Does not apply,0
E01000230,Barnet 013C,1,Household is not deprived in any dimension,322
E01000230,Barnet 013C,2,Household is deprived in one dimension,255
E01000230,Barnet 013C,3,Household is deprived in two dimensions,69
E01000230,Barnet 013C,4,Household is deprived in three dimensions,12
E01000230,Barnet 013C,5,Household is deprived in four dimensions,1
E01000231,Barnet 013D,-8,Does not apply,0
E01000231,Barnet 013D,1,Household is not deprived in any dimension,303
E01000231,Barnet 013D,2,Household is deprived in one dimension,214
E01000231,Barnet 013D,3,Household is deprived in two dimensions,80
E01000231,Barnet 013D,4,Household is deprived in three dimensions,20
E01000231,Barnet 013D,5,Household is deprived in four dimensions,2
E01000232,Barnet 013E,-8,Does not apply,0
E01000232,Barnet 013E,1,Household is not deprived in any dimension,381
E01000232,Barnet 013E,2,Household is deprived in one dimension,216
E01000232,Barnet 013E,3,Household is deprived in two dimensions,91
E01000232,Barnet 013E,4,Household is deprived in three dimensions,14
E01000232,Barnet 013E,5,Household is deprived in four dimensions,2
E01000233,Barnet 013F,-8,Does not apply,0
E01000233,Barnet 013F,1,Household is not deprived in any dimension,374
E01000233,Barnet 013F,2,Household is deprived in one dimension,206
E01000233,Barnet 013F,3,Household is deprived in two dimensions,64
E01000233,Barnet 013F,4,Household is deprived in three dimensions,12
E01000233,Barnet 013F,5,Household is deprived in four dimensions,2
E01000234,Barnet 021D,-8,Does not apply,0
E01000234,Barnet 021D,1,Household is not deprived in any dimension,393
E01000234,Barnet 021D,2,Household is deprived in one dimension,207
E01000234,Barnet 021D,3,Household is deprived in two dimensions,67
E01000234,Barnet 021D,4,Household is deprived in three dimensions,9
E01000234,Barnet 021D,5,Household is deprived in four dimensions,0
E01000235,Barnet 021E,-8,Does not apply,0
E01000235,Barnet 021E,1,Household is not deprived in any dimension,265
E01000235,Barnet 021E,2,Household is deprived in one dimension,252
E01000235,Barnet 021E,3,Household is deprived in two dimensions,113
E01000235,Barnet 021E,4,Household is deprived in three dimensions,25
E01000235,Barnet 021E,5,Household is deprived in four dimensions,2
E01000236,Barnet 034A,-8,Does not apply,0
E01000236,Barnet 034A,1,Household is not deprived in any dimension,382
E01000236,Barnet 034A,2,Household is deprived in one dimension,208
E01000236,Barnet 034A,3,Household is deprived in two dimensions,85
E01000236,Barnet 034A,4,Household is deprived in three dimensions,22
E01000236,Barnet 034A,5,Household is deprived in four dimensions,2
E01000237,Barnet 032A,-8,Does not apply,0
E01000237,Barnet 032A,1,Household is not deprived in any dimension,348
E01000237,Barnet 032A,2,Household is deprived in one dimension,267
E01000237,Barnet 032A,3,Household is deprived in two dimensions,91
E01000237,Barnet 032A,4,Household is deprived in three dimensions,17
E01000237,Barnet 032A,5,Household is deprived in four dimensions,1
E01000238,Barnet 034B,-8,Does not apply,0
E01000238,Barnet 034B,1,Household is not deprived in any dimension,303
E01000238,Barnet 034B,2,Household is deprived in one dimension,223
E01000238,Barnet 034B,3,Household is deprived in two dimensions,95
E01000238,Barnet 034B,4,Household is deprived in three dimensions,18
E01000238,Barnet 034B,5,Household is deprived in four dimensions,5
E01000239,Barnet 031A,-8,Does not apply,0
E01000239,Barnet 031A,1,Household is not deprived in any dimension,380
E01000239,Barnet 031A,2,Household is deprived in one dimension,320
E01000239,Barnet 031A,3,Household is deprived in two dimensions,165
E01000239,Barnet 031A,4,Household is deprived in three dimensions,63
E01000239,Barnet 031A,5,Household is deprived in four dimensions,6
E01000240,Barnet 031B,-8,Does not apply,0
E01000240,Barnet 031B,1,Household is not deprived in any dimension,320
E01000240,Barnet 031B,2,Household is deprived in one dimension,197
E01000240,Barnet 031B,3,Household is deprived in two dimensions,92
E01000240,Barnet 031B,4,Household is deprived in three dimensions,13
E01000240,Barnet 031B,5,Household is deprived in four dimensions,3
E01000241,Barnet 031C,-8,Does not apply,0
E01000241,Barnet 031C,1,Household is not deprived in any dimension,367
E01000241,Barnet 031C,2,Household is deprived in one dimension,219
E01000241,Barnet 031C,3,Household is deprived in two dimensions,97
E01000241,Barnet 031C,4,Household is deprived in three dimensions,11
E01000241,Barnet 031C,5,Household is deprived in four dimensions,7
E01000242,Barnet 032B,-8,Does not apply,0
E01000242,Barnet 032B,1,Household is not deprived in any dimension,302
E01000242,Barnet 032B,2,Household is deprived in one dimension,211
E01000242,Barnet 032B,3,Household is deprived in two dimensions,64
E01000242,Barnet 032B,4,Household is deprived in three dimensions,16
E01000242,Barnet 032B,5,Household is deprived in four dimensions,3
E01000243,Barnet 032C,-8,Does not apply,0
E01000243,Barnet 032C,1,Household is not deprived in any dimension,350
E01000243,Barnet 032C,2,Household is deprived in one dimension,347
E01000243,Barnet 032C,3,Household is deprived in two dimensions,170
E01000243,Barnet 032C,4,Household is deprived in three dimensions,31
E01000243,Barnet 032C,5,Household is deprived in four dimensions,3
E01000244,Barnet 032D,-8,Does not apply,0
E01000244,Barnet 032D,1,Household is not deprived in any dimension,250
E01000244,Barnet 032D,2,Household is deprived in one dimension,253
E01000244,Barnet 032D,3,Household is deprived in two dimensions,98
E01000244,Barnet 032D,4,Household is deprived in three dimensions,20
E01000244,Barnet 032D,5,Household is deprived in four dimensions,4
E01000245,Barnet 032E,-8,Does not apply,0
E01000245,Barnet 032E,1,Household is not deprived in any dimension,272
E01000245,Barnet 032E,2,Household is deprived in one dimension,347
E01000245,Barnet 032E,3,Household is deprived in two dimensions,180
E01000245,Barnet 032E,4,Household is deprived in three dimensions,72
E01000245,Barnet 032E,5,Household is deprived in four dimensions,6
E01000246,Barnet 002B,-8,Does not apply,0
E01000246,Barnet 002B,1,Household is not deprived in any dimension,359
E01000246,Barnet 002B,2,Household is deprived in one dimension,218
E01000246,Barnet 002B,3,Household is deprived in two dimensions,55
E01000246,Barnet 002B,4,Household is deprived in three dimensions,11
E01000246,Barnet 002B,5,Household is deprived in four dimensions,0
E01000247,Barnet 002C,-8,Does not apply,0
E01000247,Barnet 002C,1,Household is not deprived in any dimension,392
E01000247,Barnet 002C,2,Household is deprived in one dimension,229
E01000247,Barnet 002C,3,Household is deprived in two dimensions,77
E01000247,Barnet 002C,4,Household is deprived in three dimensions,27
E01000247,Barnet 002C,5,Household is deprived in four dimensions,6
E01000248,Barnet 001A,-8,Does not apply,0
E01000248,Barnet 001A,1,Household is not deprived in any dimension,415
E01000248,Barnet 001A,2,Household is deprived in one dimension,243
E01000248,Barnet 001A,3,Household is deprived in two dimensions,49
E01000248,Barnet 001A,4,Household is deprived in three dimensions,11
E01000248,Barnet 001A,5,Household is deprived in four dimensions,0
E01000249,Barnet 001B,-8,Does not apply,0
E01000249,Barnet 001B,1,Household is not deprived in any dimension,381
E01000249,Barnet 001B,2,Household is deprived in one dimension,178
E01000249,Barnet 001B,3,Household is deprived in two dimensions,51
E01000249,Barnet 001B,4,Household is deprived in three dimensions,7
E01000249,Barnet 001B,5,Household is deprived in four dimensions,0
E01000250,Barnet 001C,-8,Does not apply,0
E01000250,Barnet 001C,1,Household is not deprived in any dimension,565
E01000250,Barnet 001C,2,Household is deprived in one dimension,405
E01000250,Barnet 001C,3,Household is deprived in two dimensions,140
E01000250,Barnet 001C,4,Household is deprived in three dimensions,32
E01000250,Barnet 001C,5,Household is deprived in four dimensions,3
E01000251,Barnet 002D,-8,Does not apply,0
E01000251,Barnet 002D,1,Household is not deprived in any dimension,433
E01000251,Barnet 002D,2,Household is deprived in one dimension,356
E01000251,Barnet 002D,3,Household is deprived in two dimensions,186
E01000251,Barnet 002D,4,Household is deprived in three dimensions,71
E01000251,Barnet 002D,5,Household is deprived in four dimensions,11
E01000252,Barnet 002E,-8,Does not apply,0
E01000252,Barnet 002E,1,Household is not deprived in any dimension,402
E01000252,Barnet 002E,2,Household is deprived in one dimension,250
E01000252,Barnet 002E,3,Household is deprived in two dimensions,119
E01000252,Barnet 002E,4,Household is deprived in three dimensions,20
E01000252,Barnet 002E,5,Household is deprived in four dimensions,2
E01000253,Barnet 007B,-8,Does not apply,0
E01000253,Barnet 007B,1,Household is not deprived in any dimension,477
E01000253,Barnet 007B,2,Household is deprived in one dimension,179
E01000253,Barnet 007B,3,Household is deprived in two dimensions,48
E01000253,Barnet 007B,4,Household is deprived in three dimensions,6
E01000253,Barnet 007B,5,Household is deprived in four dimensions,0
E01000254,Barnet 001D,-8,Does not apply,0
E01000254,Barnet 001D,1,Household is not deprived in any dimension,388
E01000254,Barnet 001D,2,Household is deprived in one dimension,194
E01000254,Barnet 001D,3,Household is deprived in two dimensions,47
E01000254,Barnet 001D,4,Household is deprived in three dimensions,4
E01000254,Barnet 001D,5,Household is deprived in four dimensions,0
E01000255,Barnet 017A,-8,Does not apply,0
E01000255,Barnet 017A,1,Household is not deprived in any dimension,295
E01000255,Barnet 017A,2,Household is deprived in one dimension,203
E01000255,Barnet 017A,3,Household is deprived in two dimensions,104
E01000255,Barnet 017A,4,Household is deprived in three dimensions,30
E01000255,Barnet 017A,5,Household is deprived in four dimensions,0
E01000256,Barnet 016A,-8,Does not apply,0
E01000256,Barnet 016A,1,Household is not deprived in any dimension,380
E01000256,Barnet 016A,2,Household is deprived in one dimension,236
E01000256,Barnet 016A,3,Household is deprived in two dimensions,48
E01000256,Barnet 016A,4,Household is deprived in three dimensions,12
E01000256,Barnet 016A,5,Household is deprived in four dimensions,1
E01000257,Barnet 017B,-8,Does not apply,0
E01000257,Barnet 017B,1,Household is not deprived in any dimension,423
E01000257,Barnet 017B,2,Household is deprived in one dimension,276
E01000257,Barnet 017B,3,Household is deprived in two dimensions,163
E01000257,Barnet 017B,4,Household is deprived in three dimensions,47
E01000257,Barnet 017B,5,Household is deprived in four dimensions,4
E01000258,Barnet 016B,-8,Does not apply,0
E01000258,Barnet 016B,1,Household is not deprived in any dimension,429
E01000258,Barnet 016B,2,Household is deprived in one dimension,241
E01000258,Barnet 016B,3,Household is deprived in two dimensions,73
E01000258,Barnet 016B,4,Household is deprived in three dimensions,36
E01000258,Barnet 016B,5,Household is deprived in four dimensions,1
E01000259,Barnet 025D,-8,Does not apply,0
E01000259,Barnet 025D,1,Household is not deprived in any dimension,556
E01000259,Barnet 025D,2,Household is deprived in one dimension,271
E01000259,Barnet 025D,3,Household is deprived in two dimensions,131
E01000259,Barnet 025D,4,Household is deprived in three dimensions,22
E01000259,Barnet 025D,5,Household is deprived in four dimensions,0
E01000260,Barnet 025E,-8,Does not apply,0
E01000260,Barnet 025E,1,Household is not deprived in any dimension,436
E01000260,Barnet 025E,2,Household is deprived in one dimension,278
E01000260,Barnet 025E,3,Household is deprived in two dimensions,103
E01000260,Barnet 025E,4,Household is deprived in three dimensions,21
E01000260,Barnet 025E,5,Household is deprived in four dimensions,2
E01000261,Barnet 017C,-8,Does not apply,0
E01000261,Barnet 017C,1,Household is not deprived in any dimension,397
E01000261,Barnet 017C,2,Household is deprived in one dimension,208
E01000261,Barnet 017C,3,Household is deprived in two dimensions,68
E01000261,Barnet 017C,4,Household is deprived in three dimensions,5
E01000261,Barnet 017C,5,Household is deprived in four dimensions,0
E01000263,Barnet 016C,-8,Does not apply,0
E01000263,Barnet 016C,1,Household is not deprived in any dimension,342
E01000263,Barnet 016C,2,Household is deprived in one dimension,130
E01000263,Barnet 016C,3,Household is deprived in two dimensions,23
E01000263,Barnet 016C,4,Household is deprived in three dimensions,6
E01000263,Barnet 016C,5,Household is deprived in four dimensions,0
E01000264,Barnet 016D,-8,Does not apply,0
E01000264,Barnet 016D,1,Household is not deprived in any dimension,349
E01000264,Barnet 016D,2,Household is deprived in one dimension,250
E01000264,Barnet 016D,3,Household is deprived in two dimensions,88
E01000264,Barnet 016D,4,Household is deprived in three dimensions,25
E01000264,Barnet 016D,5,Household is deprived in four dimensions,4
E01000265,Barnet 011A,-8,Does not apply,0
E01000265,Barnet 011A,1,Household is not deprived in any dimension,354
E01000265,Barnet 011A,2,Household is deprived in one dimension,269
E01000265,Barnet 011A,3,Household is deprived in two dimensions,112
E01000265,Barnet 011A,4,Household is deprived in three dimensions,32
E01000265,Barnet 011A,5,Household is deprived in four dimensions,4
E01000266,Barnet 011B,-8,Does not apply,0
E01000266,Barnet 011B,1,Household is not deprived in any dimension,338
E01000266,Barnet 011B,2,Household is deprived in one dimension,132
E01000266,Barnet 011B,3,Household is deprived in two dimensions,33
E01000266,Barnet 011B,4,Household is deprived in three dimensions,4
E01000266,Barnet 011B,5,Household is deprived in four dimensions,0
E01000267,Barnet 005A,-8,Does not apply,0
E01000267,Barnet 005A,1,Household is not deprived in any dimension,350
E01000267,Barnet 005A,2,Household is deprived in one dimension,166
E01000267,Barnet 005A,3,Household is deprived in two dimensions,52
E01000267,Barnet 005A,4,Household is deprived in three dimensions,10
E01000267,Barnet 005A,5,Household is deprived in four dimensions,1
E01000268,Barnet 005B,-8,Does not apply,0
E01000268,Barnet 005B,1,Household is not deprived in any dimension,485
E01000268,Barnet 005B,2,Household is deprived in one dimension,285
E01000268,Barnet 005B,3,Household is deprived in two dimensions,132
E01000268,Barnet 005B,4,Household is deprived in three dimensions,28
E01000268,Barnet 005B,5,Household is deprived in four dimensions,5
E01000269,Barnet 005C,-8,Does not apply,0
E01000269,Barnet 005C,1,Household is not deprived in any dimension,299
E01000269,Barnet 005C,2,Household is deprived in one dimension,179
E01000269,Barnet 005C,3,Household is deprived in two dimensions,55
E01000269,Barnet 005C,4,Household is deprived in three dimensions,11
E01000269,Barnet 005C,5,Household is deprived in four dimensions,3
E01000270,Barnet 005D,-8,Does not apply,0
E01000270,Barnet 005D,1,Household is not deprived in any dimension,345
E01000270,Barnet 005D,2,Household is deprived in one dimension,211
E01000270,Barnet 005D,3,Household is deprived in two dimensions,69
E01000270,Barnet 005D,4,Household is deprived in three dimensions,9
E01000270,Barnet 005D,5,Household is deprived in four dimensions,0
E01000271,Barnet 008A,-8,Does not apply,0
E01000271,Barnet 008A,1,Household is not deprived in any dimension,333
E01000271,Barnet 008A,2,Household is deprived in one dimension,209
E01000271,Barnet 008A,3,Household is deprived in two dimensions,60
E01000271,Barnet 008A,4,Household is deprived in three dimensions,11
E01000271,Barnet 008A,5,Household is deprived in four dimensions,0
E01000272,Barnet 008B,-8,Does not apply,0
E01000272,Barnet 008B,1,Household is not deprived in any dimension,349
E01000272,Barnet 008B,2,Household is deprived in one dimension,119
E01000272,Barnet 008B,3,Household is deprived in two dimensions,25
E01000272,Barnet 008B,4,Household is deprived in three dimensions,4
E01000272,Barnet 008B,5,Household is deprived in four dimensions,1
E01000273,Barnet 008C,-8,Does not apply,0
E01000273,Barnet 008C,1,Household is not deprived in any dimension,370
E01000273,Barnet 008C,2,Household is deprived in one dimension,241
E01000273,Barnet 008C,3,Household is deprived in two dimensions,98
E01000273,Barnet 008C,4,Household is deprived in three dimensions,30
E01000273,Barnet 008C,5,Household is deprived in four dimensions,3
E01000274,Barnet 011C,-8,Does not apply,0
E01000274,Barnet 011C,1,Household is not deprived in any dimension,313
E01000274,Barnet 011C,2,Household is deprived in one dimension,257
E01000274,Barnet 011C,3,Household is deprived in two dimensions,92
E01000274,Barnet 011C,4,Household is deprived in three dimensions,34
E01000274,Barnet 011C,5,Household is deprived in four dimensions,2
E01000275,Barnet 012A,-8,Does not apply,0
E01000275,Barnet 012A,1,Household is not deprived in any dimension,394
E01000275,Barnet 012A,2,Household is deprived in one dimension,208
E01000275,Barnet 012A,3,Household is deprived in two dimensions,51
E01000275,Barnet 012A,4,Household is deprived in three dimensions,12
E01000275,Barnet 012A,5,Household is deprived in four dimensions,1
E01000276,Barnet 020A,-8,Does not apply,0
E01000276,Barnet 020A,1,Household is not deprived in any dimension,347
E01000276,Barnet 020A,2,Household is deprived in one dimension,122
E01000276,Barnet 020A,3,Household is deprived in two dimensions,22
E01000276,Barnet 020A,4,Household is deprived in three dimensions,6
E01000276,Barnet 020A,5,Household is deprived in four dimensions,0
E01000277,Barnet 012B,-8,Does not apply,0
E01000277,Barnet 012B,1,Household is not deprived in any dimension,345
E01000277,Barnet 012B,2,Household is deprived in one dimension,262
E01000277,Barnet 012B,3,Household is deprived in two dimensions,102
E01000277,Barnet 012B,4,Household is deprived in three dimensions,31
E01000277,Barnet 012B,5,Household is deprived in four dimensions,4
E01000278,Barnet 020B,-8,Does not apply,0
E01000278,Barnet 020B,1,Household is not deprived in any dimension,327
E01000278,Barnet 020B,2,Household is deprived in one dimension,144
E01000278,Barnet 020B,3,Household is deprived in two dimensions,29
E01000278,Barnet 020B,4,Household is deprived in three dimensions,3
E01000278,Barnet 020B,5,Household is deprived in four dimensions,0
E01000279,Barnet 007C,-8,Does not apply,0
E01000279,Barnet 007C,1,Household is not deprived in any dimension,339
E01000279,Barnet 007C,2,Household is deprived in one dimension,140
E01000279,Barnet 007C,3,Household is deprived in two dimensions,26
E01000279,Barnet 007C,4,Household is deprived in three dimensions,3
E01000279,Barnet 007C,5,Household is deprived in four dimensions,0
E01000280,Barnet 007D,-8,Does not apply,0
E01000280,Barnet 007D,1,Household is not deprived in any dimension,351
E01000280,Barnet 007D,2,Household is deprived in one dimension,126
E01000280,Barnet 007D,3,Household is deprived in two dimensions,29
E01000280,Barnet 007D,4,Household is deprived in three dimensions,3
E01000280,Barnet 007D,5,Household is deprived in four dimensions,0
E01000281,Barnet 008D,-8,Does not apply,0
E01000281,Barnet 008D,1,Household is not deprived in any dimension,492
E01000281,Barnet 008D,2,Household is deprived in one dimension,197
E01000281,Barnet 008D,3,Household is deprived in two dimensions,81
E01000281,Barnet 008D,4,Household is deprived in three dimensions,13
E01000281,Barnet 008D,5,Household is deprived in four dimensions,0
E01000282,Barnet 008E,-8,Does not apply,0
E01000282,Barnet 008E,1,Household is not deprived in any dimension,416
E01000282,Barnet 008E,2,Household is deprived in one dimension,206
E01000282,Barnet 008E,3,Household is deprived in two dimensions,58
E01000282,Barnet 008E,4,Household is deprived in three dimensions,12
E01000282,Barnet 008E,5,Household is deprived in four dimensions,0
E01000283,Barnet 012C,-8,Does not apply,0
E01000283,Barnet 012C,1,Household is not deprived in any dimension,316
E01000283,Barnet 012C,2,Household is deprived in one dimension,129
E01000283,Barnet 012C,3,Household is deprived in two dimensions,31
E01000283,Barnet 012C,4,Household is deprived in three dimensions,0
E01000283,Barnet 012C,5,Household is deprived in four dimensions,0
E01000284,Barnet 012D,-8,Does not apply,0
E01000284,Barnet 012D,1,Household is not deprived in any dimension,395
E01000284,Barnet 012D,2,Household is deprived in one dimension,263
E01000284,Barnet 012D,3,Household is deprived in two dimensions,104
E01000284,Barnet 012D,4,Household is deprived in three dimensions,45
E01000284,Barnet 012D,5,Household is deprived in four dimensions,6
E01000285,Barnet 004A,-8,Does not apply,0
E01000285,Barnet 004A,1,Household is not deprived in any dimension,305
E01000285,Barnet 004A,2,Household is deprived in one dimension,205
E01000285,Barnet 004A,3,Household is deprived in two dimensions,77
E01000285,Barnet 004A,4,Household is deprived in three dimensions,21
E01000285,Barnet 004A,5,Household is deprived in four dimensions,3
E01000286,Barnet 007E,-8,Does not apply,0
E01000286,Barnet 007E,1,Household is not deprived in any dimension,272
E01000286,Barnet 007E,2,Household is deprived in one dimension,235
E01000286,Barnet 007E,3,Household is deprived in two dimensions,118
E01000286,Barnet 007E,4,Household is deprived in three dimensions,37
E01000286,Barnet 007E,5,Household is deprived in four dimensions,3
E01000287,Barnet 004B,-8,Does not apply,0
E01000287,Barnet 004B,1,Household is not deprived in any dimension,245
E01000287,Barnet 004B,2,Household is deprived in one dimension,221
E01000287,Barnet 004B,3,Household is deprived in two dimensions,114
E01000287,Barnet 004B,4,Household is deprived in three dimensions,30
E01000287,Barnet 004B,5,Household is deprived in four dimensions,1
E01000288,Barnet 004C,-8,Does not apply,0
E01000288,Barnet 004C,1,Household is not deprived in any dimension,308
E01000288,Barnet 004C,2,Household is deprived in one dimension,175
E01000288,Barnet 004C,3,Household is deprived in two dimensions,72
E01000288,Barnet 004C,4,Household is deprived in three dimensions,10
E01000288,Barnet 004C,5,Household is deprived in four dimensions,1
E01000289,Barnet 004D,-8,Does not apply,0
E01000289,Barnet 004D,1,Household is not deprived in any dimension,189
E01000289,Barnet 004D,2,Household is deprived in one dimension,190
E01000289,Barnet 004D,3,Household is deprived in two dimensions,125
E01000289,Barnet 004D,4,Household is deprived in three dimensions,42
E01000289,Barnet 004D,5,Household is deprived in four dimensions,2
E01000290,Barnet 007F,-8,Does not apply,0
E01000290,Barnet 007F,1,Household is not deprived in any dimension,309
E01000290,Barnet 007F,2,Household is deprived in one dimension,219
E01000290,Barnet 007F,3,Household is deprived in two dimensions,109
E01000290,Barnet 007F,4,Household is deprived in three dimensions,30
E01000290,Barnet 007F,5,Household is deprived in four dimensions,2
E01000291,Barnet 004E,-8,Does not apply,0
E01000291,Barnet 004E,1,Household is not deprived in any dimension,261
E01000291,Barnet 004E,2,Household is deprived in one dimension,197
E01000291,Barnet 004E,3,Household is deprived in two dimensions,112
E01000291,Barnet 004E,4,Household is deprived in three dimensions,47
E01000291,Barnet 004E,5,Household is deprived in four dimensions,2
E01000292,Barnet 001E,-8,Does not apply,0
E01000292,Barnet 001E,1,Household is not deprived in any dimension,346
E01000292,Barnet 001E,2,Household is deprived in one dimension,222
E01000292,Barnet 001E,3,Household is deprived in two dimensions,74
E01000292,Barnet 001E,4,Household is deprived in three dimensions,12
E01000292,Barnet 001E,5,Household is deprived in four dimensions,2
E01000293,Barnet 001F,-8,Does not apply,0
E01000293,Barnet 001F,1,Household is not deprived in any dimension,412
E01000293,Barnet 001F,2,Household is deprived in one dimension,214
E01000293,Barnet 001F,3,Household is deprived in two dimensions,69
E01000293,Barnet 001F,4,Household is deprived in three dimensions,14
E01000293,Barnet 001F,5,Household is deprived in four dimensions,0
E01000294,Barnet 004F,-8,Does not apply,0
E01000294,Barnet 004F,1,Household is not deprived in any dimension,405
E01000294,Barnet 004F,2,Household is deprived in one dimension,189
E01000294,Barnet 004F,3,Household is deprived in two dimensions,101
E01000294,Barnet 004F,4,Household is deprived in three dimensions,32
E01000294,Barnet 004F,5,Household is deprived in four dimensions,4
E01000295,Barnet 023B,-8,Does not apply,0
E01000295,Barnet 023B,1,Household is not deprived in any dimension,382
E01000295,Barnet 023B,2,Household is deprived in one dimension,176
E01000295,Barnet 023B,3,Household is deprived in two dimensions,69
E01000295,Barnet 023B,4,Household is deprived in three dimensions,16
E01000295,Barnet 023B,5,Household is deprived in four dimensions,5
E01000296,Barnet 023C,-8,Does not apply,0
E01000296,Barnet 023C,1,Household is not deprived in any dimension,392
E01000296,Barnet 023C,2,Household is deprived in one dimension,266
E01000296,Barnet 023C,3,Household is deprived in two dimensions,81
E01000296,Barnet 023C,4,Household is deprived in three dimensions,22
E01000296,Barnet 023C,5,Household is deprived in four dimensions,5
E01000297,Barnet 027D,-8,Does not apply,0
E01000297,Barnet 027D,1,Household is not deprived in any dimension,293
E01000297,Barnet 027D,2,Household is deprived in one dimension,178
E01000297,Barnet 027D,3,Household is deprived in two dimensions,57
E01000297,Barnet 027D,4,Household is deprived in three dimensions,11
E01000297,Barnet 027D,5,Household is deprived in four dimensions,3
E01000298,Barnet 023D,-8,Does not apply,0
E01000298,Barnet 023D,1,Household is not deprived in any dimension,382
E01000298,Barnet 023D,2,Household is deprived in one dimension,253
E01000298,Barnet 023D,3,Household is deprived in two dimensions,79
E01000298,Barnet 023D,4,Household is deprived in three dimensions,18
E01000298,Barnet 023D,5,Household is deprived in four dimensions,0
E01000299,Barnet 019A,-8,Does not apply,0
E01000299,Barnet 019A,1,Household is not deprived in any dimension,339
E01000299,Barnet 019A,2,Household is deprived in one dimension,377
E01000299,Barnet 019A,3,Household is deprived in two dimensions,137
E01000299,Barnet 019A,4,Household is deprived in three dimensions,41
E01000299,Barnet 019A,5,Household is deprived in four dimensions,10
E01000300,Barnet 019B,-8,Does not apply,0
E01000300,Barnet 019B,1,Household is not deprived in any dimension,367
E01000300,Barnet 019B,2,Household is deprived in one dimension,223
E01000300,Barnet 019B,3,Household is deprived in two dimensions,69
E01000300,Barnet 019B,4,Household is deprived in three dimensions,15
E01000300,Barnet 019B,5,Household is deprived in four dimensions,4
E01000301,Barnet 020C,-8,Does not apply,0
E01000301,Barnet 020C,1,Household is not deprived in any dimension,330
E01000301,Barnet 020C,2,Household is deprived in one dimension,156
E01000301,Barnet 020C,3,Household is deprived in two dimensions,39
E01000301,Barnet 020C,4,Household is deprived in three dimensions,5
E01000301,Barnet 020C,5,Household is deprived in four dimensions,0
E01000302,Barnet 019C,-8,Does not apply,0
E01000302,Barnet 019C,1,Household is not deprived in any dimension,382
E01000302,Barnet 019C,2,Household is deprived in one dimension,268
E01000302,Barnet 019C,3,Household is deprived in two dimensions,107
E01000302,Barnet 019C,4,Household is deprived in three dimensions,61
E01000302,Barnet 019C,5,Household is deprived in four dimensions,20
E01000303,Barnet 020D,-8,Does not apply,0
E01000303,Barnet 020D,1,Household is not deprived in any dimension,322
E01000303,Barnet 020D,2,Household is deprived in one dimension,155
E01000303,Barnet 020D,3,Household is deprived in two dimensions,49
E01000303,Barnet 020D,4,Household is deprived in three dimensions,7
E01000303,Barnet 020D,5,Household is deprived in four dimensions,1
E01000304,Barnet 020E,-8,Does not apply,0
E01000304,Barnet 020E,1,Household is not deprived in any dimension,348
E01000304,Barnet 020E,2,Household is deprived in one dimension,177
E01000304,Barnet 020E,3,Household is deprived in two dimensions,60
E01000304,Barnet 020E,4,Household is deprived in three dimensions,14
E01000304,Barnet 020E,5,Household is deprived in four dimensions,2
E01000305,Barnet 036B,-8,Does not apply,0
E01000305,Barnet 036B,1,Household is not deprived in any dimension,276
E01000305,Barnet 036B,2,Household is deprived in one dimension,235
E01000305,Barnet 036B,3,Household is deprived in two dimensions,113
E01000305,Barnet 036B,4,Household is deprived in three dimensions,27
E01000305,Barnet 036B,5,Household is deprived in four dimensions,0
E01000306,Barnet 036C,-8,Does not apply,0
E01000306,Barnet 036C,1,Household is not deprived in any dimension,254
E01000306,Barnet 036C,2,Household is deprived in one dimension,251
E01000306,Barnet 036C,3,Household is deprived in two dimensions,97
E01000306,Barnet 036C,4,Household is deprived in three dimensions,17
E01000306,Barnet 036C,5,Household is deprived in four dimensions,1
E01000307,Barnet 039D,-8,Does not apply,0
E01000307,Barnet 039D,1,Household is not deprived in any dimension,222
E01000307,Barnet 039D,2,Household is deprived in one dimension,205
E01000307,Barnet 039D,3,Household is deprived in two dimensions,95
E01000307,Barnet 039D,4,Household is deprived in three dimensions,32
E01000307,Barnet 039D,5,Household is deprived in four dimensions,0
E01000308,Barnet 036D,-8,Does not apply,0
E01000308,Barnet 036D,1,Household is not deprived in any dimension,480
E01000308,Barnet 036D,2,Household is deprived in one dimension,296
E01000308,Barnet 036D,3,Household is deprived in two dimensions,136
E01000308,Barnet 036D,4,Household is deprived in three dimensions,46
E01000308,Barnet 036D,5,Household is deprived in four dimensions,1
E01000309,Barnet 031D,-8,Does not apply,0
E01000309,Barnet 031D,1,Household is not deprived in any dimension,334
E01000309,Barnet 031D,2,Household is deprived in one dimension,250
E01000309,Barnet 031D,3,Household is deprived in two dimensions,102
E01000309,Barnet 031D,4,Household is deprived in three dimensions,20
E01000309,Barnet 031D,5,Household is deprived in four dimensions,4
E01000310,Barnet 034C,-8,Does not apply,0
E01000310,Barnet 034C,1,Household is not deprived in any dimension,316
E01000310,Barnet 034C,2,Household is deprived in one dimension,298
E01000310,Barnet 034C,3,Household is deprived in two dimensions,154
E01000310,Barnet 034C,4,Household is deprived in three dimensions,62
E01000310,Barnet 034C,5,Household is deprived in four dimensions,15
E01000311,Barnet 034D,-8,Does not apply,0
E01000311,Barnet 034D,1,Household is not deprived in any dimension,301
E01000311,Barnet 034D,2,Household is deprived in one dimension,156
E01000311,Barnet 034D,3,Household is deprived in two dimensions,50
E01000311,Barnet 034D,4,Household is deprived in three dimensions,9
E01000311,Barnet 034D,5,Household is deprived in four dimensions,6
E01000312,Barnet 036E,-8,Does not apply,0
E01000312,Barnet 036E,1,Household is not deprived in any dimension,234
E01000312,Barnet 036E,2,Household is deprived in one dimension,262
E01000312,Barnet 036E,3,Household is deprived in two dimensions,170
E01000312,Barnet 036E,4,Household is deprived in three dimensions,47
E01000312,Barnet 036E,5,Household is deprived in four dimensions,8
E01000313,Barnet 036F,-8,Does not apply,0
E01000313,Barnet 036F,1,Household is not deprived in any dimension,265
E01000313,Barnet 036F,2,Household is deprived in one dimension,266
E01000313,Barnet 036F,3,Household is deprived in two dimensions,126
E01000313,Barnet 036F,4,Household is deprived in three dimensions,47
E01000313,Barnet 036F,5,Household is deprived in four dimensions,7
E01000314,Barnet 032F,-8,Does not apply,0
E01000314,Barnet 032F,1,Household is not deprived in any dimension,370
E01000314,Barnet 032F,2,Household is deprived in one dimension,287
E01000314,Barnet 032F,3,Household is deprived in two dimensions,89
E01000314,Barnet 032F,4,Household is deprived in three dimensions,32
E01000314,Barnet 032F,5,Household is deprived in four dimensions,2
E01000315,Barnet 022F,-8,Does not apply,0
E01000315,Barnet 022F,1,Household is not deprived in any dimension,244
E01000315,Barnet 022F,2,Household is deprived in one dimension,212
E01000315,Barnet 022F,3,Household is deprived in two dimensions,132
E01000315,Barnet 022F,4,Household is deprived in three dimensions,42
E01000315,Barnet 022F,5,Household is deprived in four dimensions,4
E01000316,Barnet 027E,-8,Does not apply,0
E01000316,Barnet 027E,1,Household is not deprived in any dimension,415
E01000316,Barnet 027E,2,Household is deprived in one dimension,297
E01000316,Barnet 027E,3,Household is deprived in two dimensions,141
E01000316,Barnet 027E,4,Household is deprived in three dimensions,35
E01000316,Barnet 027E,5,Household is deprived in four dimensions,1
E01000317,Barnet 019D,-8,Does not apply,0
E01000317,Barnet 019D,1,Household is not deprived in any dimension,359
E01000317,Barnet 019D,2,Household is deprived in one dimension,171
E01000317,Barnet 019D,3,Household is deprived in two dimensions,82
E01000317,Barnet 019D,4,Household is deprived in three dimensions,25
E01000317,Barnet 019D,5,Household is deprived in four dimensions,2
E01000318,Barnet 019E,-8,Does not apply,0
E01000318,Barnet 019E,1,Household is not deprived in any dimension,320
E01000318,Barnet 019E,2,Household is deprived in one dimension,203
E01000318,Barnet 019E,3,Household is deprived in two dimensions,97
E01000318,Barnet 019E,4,Household is deprived in three dimensions,13
E01000318,Barnet 019E,5,Household is deprived in four dimensions,0
E01000319,Barnet 027F,-8,Does not apply,0
E01000319,Barnet 027F,1,Household is not deprived in any dimension,289
E01000319,Barnet 027F,2,Household is deprived in one dimension,155
E01000319,Barnet 027F,3,Household is deprived in two dimensions,46
E01000319,Barnet 027F,4,Household is deprived in three dimensions,8
E01000319,Barnet 027F,5,Household is deprived in four dimensions,0
E01000320,Barnet 011D,-8,Does not apply,0
E01000320,Barnet 011D,1,Household is not deprived in any dimension,430
E01000320,Barnet 011D,2,Household is deprived in one dimension,273
E01000320,Barnet 011D,3,Household is deprived in two dimensions,86
E01000320,Barnet 011D,4,Household is deprived in three dimensions,19
E01000320,Barnet 011D,5,Household is deprived in four dimensions,1
E01000321,Barnet 012E,-8,Does not apply,0
E01000321,Barnet 012E,1,Household is not deprived in any dimension,410
E01000321,Barnet 012E,2,Household is deprived in one dimension,264
E01000321,Barnet 012E,3,Household is deprived in two dimensions,126
E01000321,Barnet 012E,4,Household is deprived in three dimensions,26
E01000321,Barnet 012E,5,Household is deprived in four dimensions,3
E01000322,Barnet 011E,-8,Does not apply,0
E01000322,Barnet 011E,1,Household is not deprived in any dimension,428
E01000322,Barnet 011E,2,Household is deprived in one dimension,253
E01000322,Barnet 011E,3,Household is deprived in two dimensions,94
E01000322,Barnet 011E,4,Household is deprived in three dimensions,26
E01000322,Barnet 011E,5,Household is deprived in four dimensions,2
E01000323,Barnet 019F,-8,Does not apply,0
E01000323,Barnet 019F,1,Household is not deprived in any dimension,379
E01000323,Barnet 019F,2,Household is deprived in one dimension,377
E01000323,Barnet 019F,3,Household is deprived in two dimensions,202
E01000323,Barnet 019F,4,Household is deprived in three dimensions,52
E01000323,Barnet 019F,5,Household is deprived in four dimensions,9
E01000324,Barnet 015F,-8,Does not apply,0
E01000324,Barnet 015F,1,Household is not deprived in any dimension,339
E01000324,Barnet 015F,2,Household is deprived in one dimension,215
E01000324,Barnet 015F,3,Household is deprived in two dimensions,79
E01000324,Barnet 015F,4,Household is deprived in three dimensions,18
E01000324,Barnet 015F,5,Household is deprived in four dimensions,0
E01033911,Barnet 017E,-8,Does not apply,0
E01033911,Barnet 017E,1,Household is not deprived in any dimension,390
E01033911,Barnet 017E,2,Household is deprived in one dimension,189
E01033911,Barnet 017E,3,Household is deprived in two dimensions,61
E01033911,Barnet 017E,4,Household is deprived in three dimensions,8
E01033911,Barnet 017E,5,Household is deprived in four dimensions,1
E01033912,Barnet 017F,-8,Does not apply,0
E01033912,Barnet 017F,1,Household is not deprived in any dimension,439
E01033912,Barnet 017F,2,Household is deprived in one dimension,135
E01033912,Barnet 017F,3,Household is deprived in two dimensions,48
E01033912,Barnet 017F,4,Household is deprived in three dimensions,16
E01033912,Barnet 017F,5,Household is deprived in four dimensions,2
E01033913,Barnet 024G,-8,Does not apply,0
E01033913,Barnet 024G,1,Household is not deprived in any dimension,161
E01033913,Barnet 024G,2,Household is deprived in one dimension,201
E01033913,Barnet 024G,3,Household is deprived in two dimensions,125
E01033913,Barnet 024G,4,Household is deprived in three dimensions,47
E01033913,Barnet 024G,5,Household is deprived in four dimensions,5
E01033914,Barnet 024H,-8,Does not apply,0
E01033914,Barnet 024H,1,Household is not deprived in any dimension,203
E01033914,Barnet 024H,2,Household is deprived in one dimension,229
E01033914,Barnet 024H,3,Household is deprived in two dimensions,119
E01033914,Barnet 024H,4,Household is deprived in three dimensions,45
E01033914,Barnet 024H,5,Household is deprived in four dimensions,1
E01033915,Barnet 042A,-8,Does not apply,0
E01033915,Barnet 042A,1,Household is not deprived in any dimension,235
E01033915,Barnet 042A,2,Household is deprived in one dimension,192
E01033915,Barnet 042A,3,Household is deprived in two dimensions,108
E01033915,Barnet 042A,4,Household is deprived in three dimensions,46
E01033915,Barnet 042A,5,Household is deprived in four dimensions,1
E01033916,Barnet 042B,-8,Does not apply,0
E01033916,Barnet 042B,1,Household is not deprived in any dimension,240
E01033916,Barnet 042B,2,Household is deprived in one dimension,281
E01033916,Barnet 042B,3,Household is deprived in two dimensions,103
E01033916,Barnet 042B,4,Household is deprived in three dimensions,23
E01033916,Barnet 042B,5,Household is deprived in four dimensions,4
E01033917,Barnet 042C,-8,Does not apply,0
E01033917,Barnet 042C,1,Household is not deprived in any dimension,342
E01033917,Barnet 042C,2,Household is deprived in one dimension,247
E01033917,Barnet 042C,3,Household is deprived in two dimensions,92
E01033917,Barnet 042C,4,Household is deprived in three dimensions,21
E01033917,Barnet 042C,5,Household is deprived in four dimensions,0
E01033918,Barnet 042D,-8,Does not apply,0
E01033918,Barnet 042D,1,Household is not deprived in any dimension,360
E01033918,Barnet 042D,2,Household is deprived in one dimension,173
E01033918,Barnet 042D,3,Household is deprived in two dimensions,66
E01033918,Barnet 042D,4,Household is deprived in three dimensions,29
E01033918,Barnet 042D,5,Household is deprived in four dimensions,3
E01033919,Barnet 042E,-8,Does not apply,0
E01033919,Barnet 042E,1,Household is not deprived in any dimension,392
E01033919,Barnet 042E,2,Household is deprived in one dimension,178
E01033919,Barnet 042E,3,Household is deprived in two dimensions,59
E01033919,Barnet 042E,4,Household is deprived in three dimensions,16
E01033919,Barnet 042E,5,Household is deprived in four dimensions,3
E01033920,Barnet 042F,-8,Does not apply,0
E01033920,Barnet 042F,1,Household is not deprived in any dimension,381
E01033920,Barnet 042F,2,Household is deprived in one dimension,168
E01033920,Barnet 042F,3,Household is deprived in two dimensions,66
E01033920,Barnet 042F,4,Household is deprived in three dimensions,22
E01033920,Barnet 042F,5,Household is deprived in four dimensions,3
E01033921,Barnet 043A,-8,Does not apply,0
E01033921,Barnet 043A,1,Household is not deprived in any dimension,406
E01033921,Barnet 043A,2,Household is deprived in one dimension,201
E01033921,Barnet 043A,3,Household is deprived in two dimensions,68
E01033921,Barnet 043A,4,Household is deprived in three dimensions,17
E01033921,Barnet 043A,5,Household is deprived in four dimensions,1
E01033922,Barnet 043B,-8,Does not apply,0
E01033922,Barnet 043B,1,Household is not deprived in any dimension,384
E01033922,Barnet 043B,2,Household is deprived in one dimension,212
E01033922,Barnet 043B,3,Household is deprived in two dimensions,67
E01033922,Barnet 043B,4,Household is deprived in three dimensions,18
E01033922,Barnet 043B,5,Household is deprived in four dimensions,3
E01033923,Barnet 043C,-8,Does not apply,0
E01033923,Barnet 043C,1,Household is not deprived in any dimension,261
E01033923,Barnet 043C,2,Household is deprived in one dimension,222
E01033923,Barnet 043C,3,Household is deprived in two dimensions,83
E01033923,Barnet 043C,4,Household is deprived in three dimensions,20
E01033923,Barnet 043C,5,Household is deprived in four dimensions,3
E01033924,Barnet 043D,-8,Does not apply,0
E01033924,Barnet 043D,1,Household is not deprived in any dimension,180
E01033924,Barnet 043D,2,Household is deprived in one dimension,202
E01033924,Barnet 043D,3,Household is deprived in two dimensions,129
E01033924,Barnet 043D,4,Household is deprived in three dimensions,54
E01033924,Barnet 043D,5,Household is deprived in four dimensions,16
E01033925,Barnet 043E,-8,Does not apply,0
E01033925,Barnet 043E,1,Household is not deprived in any dimension,310
E01033925,Barnet 043E,2,Household is deprived in one dimension,195
E01033925,Barnet 043E,3,Household is deprived in two dimensions,79
E01033925,Barnet 043E,4,Household is deprived in three dimensions,29
E01033925,Barnet 043E,5,Household is deprived in four dimensions,4
